,statistical values,Overall rank,Country or region,Score,GDP per capita
0,count,156.0,156,156.0,156.0
1,unique,,156,,
2,top,,Finland,,
3,freq,,1,,
4,mean,78.5,,5.407096153846155,0.905147435897436
5,std,45.17742799230607,,1.1131198687956712,0.39838946424220284
6,min,1.0,,2.853,0.0
7,25%,39.75,,4.5445,0.60275
8,50%,78.5,,5.3795,0.96
9,75%,117.25,,6.1845,1.2325000000000002
10,max,156.0,,7.769,1.684
