,statistical values,total_bill,tip,sex,smoker,day,time,size
0,count,244.0,244.0,244,244,244,244,244.0
1,unique,,,2,2,4,2,
2,top,,,Male,No,Sat,Dinner,
3,freq,,,157,151,87,176,
4,mean,19.78594262295082,2.99827868852459,,,,,2.569672131147541
5,std,8.902411954856856,1.3836381890011822,,,,,0.9510998047322344
6,min,3.07,1.0,,,,,1.0
7,25%,13.3475,2.0,,,,,2.0
8,50%,17.795,2.9,,,,,2.0
9,75%,24.127499999999998,3.5625,,,,,3.0
10,max,50.81,10.0,,,,,6.0
